--
-- PostgreSQL database dump
--

-- Dumped from database version 12.2 (Ubuntu 12.2-4)
-- Dumped by pg_dump version 12.2 (Ubuntu 12.2-4)

SET statement_timeout = 0;
SET lock_timeout = 0;
SET idle_in_transaction_session_timeout = 0;
SET client_encoding = 'UTF8';
SET standard_conforming_strings = on;
SELECT pg_catalog.set_config('search_path', '', false);
SET check_function_bodies = false;
SET xmloption = content;
SET client_min_messages = warning;
SET row_security = off;

ALTER TABLE ONLY public.django_admin_log DROP CONSTRAINT django_admin_log_user_id_c564eba6_fk_auth_user_id;
ALTER TABLE ONLY public.django_admin_log DROP CONSTRAINT django_admin_log_content_type_id_c4bce8eb_fk_django_co;
ALTER TABLE ONLY public.auth_user_user_permissions DROP CONSTRAINT auth_user_user_permissions_user_id_a95ead1b_fk_auth_user_id;
ALTER TABLE ONLY public.auth_user_user_permissions DROP CONSTRAINT auth_user_user_permi_permission_id_1fbb5f2c_fk_auth_perm;
ALTER TABLE ONLY public.auth_user_groups DROP CONSTRAINT auth_user_groups_user_id_6a12ed8b_fk_auth_user_id;
ALTER TABLE ONLY public.auth_user_groups DROP CONSTRAINT auth_user_groups_group_id_97559544_fk_auth_group_id;
ALTER TABLE ONLY public.auth_permission DROP CONSTRAINT auth_permission_content_type_id_2f476e4b_fk_django_co;
ALTER TABLE ONLY public.auth_group_permissions DROP CONSTRAINT auth_group_permissions_group_id_b120cbf9_fk_auth_group_id;
ALTER TABLE ONLY public.auth_group_permissions DROP CONSTRAINT auth_group_permissio_permission_id_84c5c92e_fk_auth_perm;
DROP INDEX public.django_session_session_key_c0390e0f_like;
DROP INDEX public.django_session_expire_date_a5c62663;
DROP INDEX public.django_admin_log_user_id_c564eba6;
DROP INDEX public.django_admin_log_content_type_id_c4bce8eb;
DROP INDEX public.auth_user_username_6821ab7c_like;
DROP INDEX public.auth_user_user_permissions_user_id_a95ead1b;
DROP INDEX public.auth_user_user_permissions_permission_id_1fbb5f2c;
DROP INDEX public.auth_user_groups_user_id_6a12ed8b;
DROP INDEX public.auth_user_groups_group_id_97559544;
DROP INDEX public.auth_permission_content_type_id_2f476e4b;
DROP INDEX public.auth_group_permissions_permission_id_84c5c92e;
DROP INDEX public.auth_group_permissions_group_id_b120cbf9;
DROP INDEX public.auth_group_name_a6ea08ec_like;
ALTER TABLE ONLY public.django_session DROP CONSTRAINT django_session_pkey;
ALTER TABLE ONLY public.django_migrations DROP CONSTRAINT django_migrations_pkey;
ALTER TABLE ONLY public.django_content_type DROP CONSTRAINT django_content_type_pkey;
ALTER TABLE ONLY public.django_content_type DROP CONSTRAINT django_content_type_app_label_model_76bd3d3b_uniq;
ALTER TABLE ONLY public.django_admin_log DROP CONSTRAINT django_admin_log_pkey;
ALTER TABLE ONLY public.bitsbot_bitsexamsyllabus DROP CONSTRAINT bitsbot_bitsexamsyllabus_pkey;
ALTER TABLE ONLY public.bitsbot_bitsexamfee DROP CONSTRAINT bitsbot_bitsexamfee_pkey;
ALTER TABLE ONLY public.bitsbot_bitsenteranceexaminformation DROP CONSTRAINT bitsbot_bitsenteranceexaminformation_pkey;
ALTER TABLE ONLY public.bitsbot_bitsenteranceexamcenters DROP CONSTRAINT bitsbot_bitsenteranceexamcenters_pkey;
ALTER TABLE ONLY public.bitsbot_bitscourseinformation DROP CONSTRAINT bitsbot_bitscourseinformation_pkey;
ALTER TABLE ONLY public.bitsbot_bitscoursefee DROP CONSTRAINT bitsbot_bitscoursefee_pkey;
ALTER TABLE ONLY public.bitsbot_bitsbranchcampusmapping DROP CONSTRAINT bitsbot_bitsbranchcaampusmapping_pkey;
ALTER TABLE ONLY public.auth_user DROP CONSTRAINT auth_user_username_key;
ALTER TABLE ONLY public.auth_user_user_permissions DROP CONSTRAINT auth_user_user_permissions_user_id_permission_id_14a6b632_uniq;
ALTER TABLE ONLY public.auth_user_user_permissions DROP CONSTRAINT auth_user_user_permissions_pkey;
ALTER TABLE ONLY public.auth_user DROP CONSTRAINT auth_user_pkey;
ALTER TABLE ONLY public.auth_user_groups DROP CONSTRAINT auth_user_groups_user_id_group_id_94350c0c_uniq;
ALTER TABLE ONLY public.auth_user_groups DROP CONSTRAINT auth_user_groups_pkey;
ALTER TABLE ONLY public.auth_permission DROP CONSTRAINT auth_permission_pkey;
ALTER TABLE ONLY public.auth_permission DROP CONSTRAINT auth_permission_content_type_id_codename_01ab375a_uniq;
ALTER TABLE ONLY public.auth_group DROP CONSTRAINT auth_group_pkey;
ALTER TABLE ONLY public.auth_group_permissions DROP CONSTRAINT auth_group_permissions_pkey;
ALTER TABLE ONLY public.auth_group_permissions DROP CONSTRAINT auth_group_permissions_group_id_permission_id_0cd325b0_uniq;
ALTER TABLE ONLY public.auth_group DROP CONSTRAINT auth_group_name_key;
ALTER TABLE public.django_migrations ALTER COLUMN id DROP DEFAULT;
ALTER TABLE public.django_content_type ALTER COLUMN id DROP DEFAULT;
ALTER TABLE public.django_admin_log ALTER COLUMN id DROP DEFAULT;
ALTER TABLE public.bitsbot_bitsexamsyllabus ALTER COLUMN id DROP DEFAULT;
ALTER TABLE public.bitsbot_bitsexamfee ALTER COLUMN id DROP DEFAULT;
ALTER TABLE public.bitsbot_bitsenteranceexaminformation ALTER COLUMN id DROP DEFAULT;
ALTER TABLE public.bitsbot_bitsenteranceexamcenters ALTER COLUMN id DROP DEFAULT;
ALTER TABLE public.bitsbot_bitscourseinformation ALTER COLUMN id DROP DEFAULT;
ALTER TABLE public.bitsbot_bitscoursefee ALTER COLUMN id DROP DEFAULT;
ALTER TABLE public.bitsbot_bitsbranchcampusmapping ALTER COLUMN id DROP DEFAULT;
ALTER TABLE public.auth_user_user_permissions ALTER COLUMN id DROP DEFAULT;
ALTER TABLE public.auth_user_groups ALTER COLUMN id DROP DEFAULT;
ALTER TABLE public.auth_user ALTER COLUMN id DROP DEFAULT;
ALTER TABLE public.auth_permission ALTER COLUMN id DROP DEFAULT;
ALTER TABLE public.auth_group_permissions ALTER COLUMN id DROP DEFAULT;
ALTER TABLE public.auth_group ALTER COLUMN id DROP DEFAULT;
DROP TABLE public.django_session;
DROP SEQUENCE public.django_migrations_id_seq;
DROP TABLE public.django_migrations;
DROP SEQUENCE public.django_content_type_id_seq;
DROP TABLE public.django_content_type;
DROP SEQUENCE public.django_admin_log_id_seq;
DROP TABLE public.django_admin_log;
DROP SEQUENCE public.bitsbot_bitsexamsyllabus_id_seq;
DROP TABLE public.bitsbot_bitsexamsyllabus;
DROP SEQUENCE public.bitsbot_bitsexamfee_id_seq;
DROP TABLE public.bitsbot_bitsexamfee;
DROP SEQUENCE public.bitsbot_bitsenteranceexaminformation_id_seq;
DROP TABLE public.bitsbot_bitsenteranceexaminformation;
DROP SEQUENCE public.bitsbot_bitsenteranceexamcenters_id_seq;
DROP TABLE public.bitsbot_bitsenteranceexamcenters;
DROP SEQUENCE public.bitsbot_bitscourseinformation_id_seq;
DROP TABLE public.bitsbot_bitscourseinformation;
DROP SEQUENCE public.bitsbot_bitscoursefee_id_seq;
DROP TABLE public.bitsbot_bitscoursefee;
DROP SEQUENCE public.bitsbot_bitsbranchcaampusmapping_id_seq;
DROP TABLE public.bitsbot_bitsbranchcampusmapping;
DROP SEQUENCE public.auth_user_user_permissions_id_seq;
DROP TABLE public.auth_user_user_permissions;
DROP SEQUENCE public.auth_user_id_seq;
DROP SEQUENCE public.auth_user_groups_id_seq;
DROP TABLE public.auth_user_groups;
DROP TABLE public.auth_user;
DROP SEQUENCE public.auth_permission_id_seq;
DROP TABLE public.auth_permission;
DROP SEQUENCE public.auth_group_permissions_id_seq;
DROP TABLE public.auth_group_permissions;
DROP SEQUENCE public.auth_group_id_seq;
DROP TABLE public.auth_group;
SET default_tablespace = '';

SET default_table_access_method = heap;

--
-- Name: auth_group; Type: TABLE; Schema: public; Owner: bitsbot
--

CREATE TABLE public.auth_group (
    id integer NOT NULL,
    name character varying(150) NOT NULL
);


ALTER TABLE public.auth_group OWNER TO bitsbot;

--
-- Name: auth_group_id_seq; Type: SEQUENCE; Schema: public; Owner: bitsbot
--

CREATE SEQUENCE public.auth_group_id_seq
    AS integer
    START WITH 1
    INCREMENT BY 1
    NO MINVALUE
    NO MAXVALUE
    CACHE 1;


ALTER TABLE public.auth_group_id_seq OWNER TO bitsbot;

--
-- Name: auth_group_id_seq; Type: SEQUENCE OWNED BY; Schema: public; Owner: bitsbot
--

ALTER SEQUENCE public.auth_group_id_seq OWNED BY public.auth_group.id;


--
-- Name: auth_group_permissions; Type: TABLE; Schema: public; Owner: bitsbot
--

CREATE TABLE public.auth_group_permissions (
    id integer NOT NULL,
    group_id integer NOT NULL,
    permission_id integer NOT NULL
);


ALTER TABLE public.auth_group_permissions OWNER TO bitsbot;

--
-- Name: auth_group_permissions_id_seq; Type: SEQUENCE; Schema: public; Owner: bitsbot
--

CREATE SEQUENCE public.auth_group_permissions_id_seq
    AS integer
    START WITH 1
    INCREMENT BY 1
    NO MINVALUE
    NO MAXVALUE
    CACHE 1;


ALTER TABLE public.auth_group_permissions_id_seq OWNER TO bitsbot;

--
-- Name: auth_group_permissions_id_seq; Type: SEQUENCE OWNED BY; Schema: public; Owner: bitsbot
--

ALTER SEQUENCE public.auth_group_permissions_id_seq OWNED BY public.auth_group_permissions.id;


--
-- Name: auth_permission; Type: TABLE; Schema: public; Owner: bitsbot
--

CREATE TABLE public.auth_permission (
    id integer NOT NULL,
    name character varying(255) NOT NULL,
    content_type_id integer NOT NULL,
    codename character varying(100) NOT NULL
);


ALTER TABLE public.auth_permission OWNER TO bitsbot;

--
-- Name: auth_permission_id_seq; Type: SEQUENCE; Schema: public; Owner: bitsbot
--

CREATE SEQUENCE public.auth_permission_id_seq
    AS integer
    START WITH 1
    INCREMENT BY 1
    NO MINVALUE
    NO MAXVALUE
    CACHE 1;


ALTER TABLE public.auth_permission_id_seq OWNER TO bitsbot;

--
-- Name: auth_permission_id_seq; Type: SEQUENCE OWNED BY; Schema: public; Owner: bitsbot
--

ALTER SEQUENCE public.auth_permission_id_seq OWNED BY public.auth_permission.id;


--
-- Name: auth_user; Type: TABLE; Schema: public; Owner: bitsbot
--

CREATE TABLE public.auth_user (
    id integer NOT NULL,
    password character varying(128) NOT NULL,
    last_login timestamp with time zone,
    is_superuser boolean NOT NULL,
    username character varying(150) NOT NULL,
    first_name character varying(30) NOT NULL,
    last_name character varying(150) NOT NULL,
    email character varying(254) NOT NULL,
    is_staff boolean NOT NULL,
    is_active boolean NOT NULL,
    date_joined timestamp with time zone NOT NULL
);


ALTER TABLE public.auth_user OWNER TO bitsbot;

--
-- Name: auth_user_groups; Type: TABLE; Schema: public; Owner: bitsbot
--

CREATE TABLE public.auth_user_groups (
    id integer NOT NULL,
    user_id integer NOT NULL,
    group_id integer NOT NULL
);


ALTER TABLE public.auth_user_groups OWNER TO bitsbot;

--
-- Name: auth_user_groups_id_seq; Type: SEQUENCE; Schema: public; Owner: bitsbot
--

CREATE SEQUENCE public.auth_user_groups_id_seq
    AS integer
    START WITH 1
    INCREMENT BY 1
    NO MINVALUE
    NO MAXVALUE
    CACHE 1;


ALTER TABLE public.auth_user_groups_id_seq OWNER TO bitsbot;

--
-- Name: auth_user_groups_id_seq; Type: SEQUENCE OWNED BY; Schema: public; Owner: bitsbot
--

ALTER SEQUENCE public.auth_user_groups_id_seq OWNED BY public.auth_user_groups.id;


--
-- Name: auth_user_id_seq; Type: SEQUENCE; Schema: public; Owner: bitsbot
--

CREATE SEQUENCE public.auth_user_id_seq
    AS integer
    START WITH 1
    INCREMENT BY 1
    NO MINVALUE
    NO MAXVALUE
    CACHE 1;


ALTER TABLE public.auth_user_id_seq OWNER TO bitsbot;

--
-- Name: auth_user_id_seq; Type: SEQUENCE OWNED BY; Schema: public; Owner: bitsbot
--

ALTER SEQUENCE public.auth_user_id_seq OWNED BY public.auth_user.id;


--
-- Name: auth_user_user_permissions; Type: TABLE; Schema: public; Owner: bitsbot
--

CREATE TABLE public.auth_user_user_permissions (
    id integer NOT NULL,
    user_id integer NOT NULL,
    permission_id integer NOT NULL
);


ALTER TABLE public.auth_user_user_permissions OWNER TO bitsbot;

--
-- Name: auth_user_user_permissions_id_seq; Type: SEQUENCE; Schema: public; Owner: bitsbot
--

CREATE SEQUENCE public.auth_user_user_permissions_id_seq
    AS integer
    START WITH 1
    INCREMENT BY 1
    NO MINVALUE
    NO MAXVALUE
    CACHE 1;


ALTER TABLE public.auth_user_user_permissions_id_seq OWNER TO bitsbot;

--
-- Name: auth_user_user_permissions_id_seq; Type: SEQUENCE OWNED BY; Schema: public; Owner: bitsbot
--

ALTER SEQUENCE public.auth_user_user_permissions_id_seq OWNED BY public.auth_user_user_permissions.id;


--
-- Name: bitsbot_bitsbranchcampusmapping; Type: TABLE; Schema: public; Owner: bitsbot
--

CREATE TABLE public.bitsbot_bitsbranchcampusmapping (
    id integer NOT NULL,
    course character varying(50) NOT NULL,
    branch character varying(50) NOT NULL,
    campus character varying(50) NOT NULL
);


ALTER TABLE public.bitsbot_bitsbranchcampusmapping OWNER TO bitsbot;

--
-- Name: bitsbot_bitsbranchcaampusmapping_id_seq; Type: SEQUENCE; Schema: public; Owner: bitsbot
--

CREATE SEQUENCE public.bitsbot_bitsbranchcaampusmapping_id_seq
    AS integer
    START WITH 1
    INCREMENT BY 1
    NO MINVALUE
    NO MAXVALUE
    CACHE 1;


ALTER TABLE public.bitsbot_bitsbranchcaampusmapping_id_seq OWNER TO bitsbot;

--
-- Name: bitsbot_bitsbranchcaampusmapping_id_seq; Type: SEQUENCE OWNED BY; Schema: public; Owner: bitsbot
--

ALTER SEQUENCE public.bitsbot_bitsbranchcaampusmapping_id_seq OWNED BY public.bitsbot_bitsbranchcampusmapping.id;


--
-- Name: bitsbot_bitscoursefee; Type: TABLE; Schema: public; Owner: bitsbot
--

CREATE TABLE public.bitsbot_bitscoursefee (
    id integer NOT NULL,
    course character varying(50) NOT NULL,
    fee character varying(1000) NOT NULL
);


ALTER TABLE public.bitsbot_bitscoursefee OWNER TO bitsbot;

--
-- Name: bitsbot_bitscoursefee_id_seq; Type: SEQUENCE; Schema: public; Owner: bitsbot
--

CREATE SEQUENCE public.bitsbot_bitscoursefee_id_seq
    AS integer
    START WITH 1
    INCREMENT BY 1
    NO MINVALUE
    NO MAXVALUE
    CACHE 1;


ALTER TABLE public.bitsbot_bitscoursefee_id_seq OWNER TO bitsbot;

--
-- Name: bitsbot_bitscoursefee_id_seq; Type: SEQUENCE OWNED BY; Schema: public; Owner: bitsbot
--

ALTER SEQUENCE public.bitsbot_bitscoursefee_id_seq OWNED BY public.bitsbot_bitscoursefee.id;


--
-- Name: bitsbot_bitscourseinformation; Type: TABLE; Schema: public; Owner: bitsbot
--

CREATE TABLE public.bitsbot_bitscourseinformation (
    id integer NOT NULL,
    course character varying(50) NOT NULL,
    info text NOT NULL
);


ALTER TABLE public.bitsbot_bitscourseinformation OWNER TO bitsbot;

--
-- Name: bitsbot_bitscourseinformation_id_seq; Type: SEQUENCE; Schema: public; Owner: bitsbot
--

CREATE SEQUENCE public.bitsbot_bitscourseinformation_id_seq
    AS integer
    START WITH 1
    INCREMENT BY 1
    NO MINVALUE
    NO MAXVALUE
    CACHE 1;


ALTER TABLE public.bitsbot_bitscourseinformation_id_seq OWNER TO bitsbot;

--
-- Name: bitsbot_bitscourseinformation_id_seq; Type: SEQUENCE OWNED BY; Schema: public; Owner: bitsbot
--

ALTER SEQUENCE public.bitsbot_bitscourseinformation_id_seq OWNED BY public.bitsbot_bitscourseinformation.id;


--
-- Name: bitsbot_bitsenteranceexamcenters; Type: TABLE; Schema: public; Owner: bitsbot
--

CREATE TABLE public.bitsbot_bitsenteranceexamcenters (
    id integer NOT NULL,
    exam_type character varying(50) NOT NULL,
    state character varying(50) NOT NULL,
    examcentercity character varying(50) NOT NULL,
    examcenteraddress character varying(255) NOT NULL
);


ALTER TABLE public.bitsbot_bitsenteranceexamcenters OWNER TO bitsbot;

--
-- Name: bitsbot_bitsenteranceexamcenters_id_seq; Type: SEQUENCE; Schema: public; Owner: bitsbot
--

CREATE SEQUENCE public.bitsbot_bitsenteranceexamcenters_id_seq
    AS integer
    START WITH 1
    INCREMENT BY 1
    NO MINVALUE
    NO MAXVALUE
    CACHE 1;


ALTER TABLE public.bitsbot_bitsenteranceexamcenters_id_seq OWNER TO bitsbot;

--
-- Name: bitsbot_bitsenteranceexamcenters_id_seq; Type: SEQUENCE OWNED BY; Schema: public; Owner: bitsbot
--

ALTER SEQUENCE public.bitsbot_bitsenteranceexamcenters_id_seq OWNED BY public.bitsbot_bitsenteranceexamcenters.id;


--
-- Name: bitsbot_bitsenteranceexaminformation; Type: TABLE; Schema: public; Owner: bitsbot
--

CREATE TABLE public.bitsbot_bitsenteranceexaminformation (
    id integer NOT NULL,
    exam_type character varying(50) NOT NULL,
    info character varying(2000) NOT NULL
);


ALTER TABLE public.bitsbot_bitsenteranceexaminformation OWNER TO bitsbot;

--
-- Name: bitsbot_bitsenteranceexaminformation_id_seq; Type: SEQUENCE; Schema: public; Owner: bitsbot
--

CREATE SEQUENCE public.bitsbot_bitsenteranceexaminformation_id_seq
    AS integer
    START WITH 1
    INCREMENT BY 1
    NO MINVALUE
    NO MAXVALUE
    CACHE 1;


ALTER TABLE public.bitsbot_bitsenteranceexaminformation_id_seq OWNER TO bitsbot;

--
-- Name: bitsbot_bitsenteranceexaminformation_id_seq; Type: SEQUENCE OWNED BY; Schema: public; Owner: bitsbot
--

ALTER SEQUENCE public.bitsbot_bitsenteranceexaminformation_id_seq OWNED BY public.bitsbot_bitsenteranceexaminformation.id;


--
-- Name: bitsbot_bitsexamfee; Type: TABLE; Schema: public; Owner: bitsbot
--

CREATE TABLE public.bitsbot_bitsexamfee (
    id integer NOT NULL,
    exam_type character varying(50) NOT NULL,
    fee character varying(1000) NOT NULL
);


ALTER TABLE public.bitsbot_bitsexamfee OWNER TO bitsbot;

--
-- Name: bitsbot_bitsexamfee_id_seq; Type: SEQUENCE; Schema: public; Owner: bitsbot
--

CREATE SEQUENCE public.bitsbot_bitsexamfee_id_seq
    AS integer
    START WITH 1
    INCREMENT BY 1
    NO MINVALUE
    NO MAXVALUE
    CACHE 1;


ALTER TABLE public.bitsbot_bitsexamfee_id_seq OWNER TO bitsbot;

--
-- Name: bitsbot_bitsexamfee_id_seq; Type: SEQUENCE OWNED BY; Schema: public; Owner: bitsbot
--

ALTER SEQUENCE public.bitsbot_bitsexamfee_id_seq OWNED BY public.bitsbot_bitsexamfee.id;


--
-- Name: bitsbot_bitsexamsyllabus; Type: TABLE; Schema: public; Owner: bitsbot
--

CREATE TABLE public.bitsbot_bitsexamsyllabus (
    id integer NOT NULL,
    exam_type character varying(50) NOT NULL,
    branch character varying(50) NOT NULL,
    syllabus character varying(2000) NOT NULL
);


ALTER TABLE public.bitsbot_bitsexamsyllabus OWNER TO bitsbot;

--
-- Name: bitsbot_bitsexamsyllabus_id_seq; Type: SEQUENCE; Schema: public; Owner: bitsbot
--

CREATE SEQUENCE public.bitsbot_bitsexamsyllabus_id_seq
    AS integer
    START WITH 1
    INCREMENT BY 1
    NO MINVALUE
    NO MAXVALUE
    CACHE 1;


ALTER TABLE public.bitsbot_bitsexamsyllabus_id_seq OWNER TO bitsbot;

--
-- Name: bitsbot_bitsexamsyllabus_id_seq; Type: SEQUENCE OWNED BY; Schema: public; Owner: bitsbot
--

ALTER SEQUENCE public.bitsbot_bitsexamsyllabus_id_seq OWNED BY public.bitsbot_bitsexamsyllabus.id;


--
-- Name: django_admin_log; Type: TABLE; Schema: public; Owner: bitsbot
--

CREATE TABLE public.django_admin_log (
    id integer NOT NULL,
    action_time timestamp with time zone NOT NULL,
    object_id text,
    object_repr character varying(200) NOT NULL,
    action_flag smallint NOT NULL,
    change_message text NOT NULL,
    content_type_id integer,
    user_id integer NOT NULL,
    CONSTRAINT django_admin_log_action_flag_check CHECK ((action_flag >= 0))
);


ALTER TABLE public.django_admin_log OWNER TO bitsbot;

--
-- Name: django_admin_log_id_seq; Type: SEQUENCE; Schema: public; Owner: bitsbot
--

CREATE SEQUENCE public.django_admin_log_id_seq
    AS integer
    START WITH 1
    INCREMENT BY 1
    NO MINVALUE
    NO MAXVALUE
    CACHE 1;


ALTER TABLE public.django_admin_log_id_seq OWNER TO bitsbot;

--
-- Name: django_admin_log_id_seq; Type: SEQUENCE OWNED BY; Schema: public; Owner: bitsbot
--

ALTER SEQUENCE public.django_admin_log_id_seq OWNED BY public.django_admin_log.id;


--
-- Name: django_content_type; Type: TABLE; Schema: public; Owner: bitsbot
--

CREATE TABLE public.django_content_type (
    id integer NOT NULL,
    app_label character varying(100) NOT NULL,
    model character varying(100) NOT NULL
);


ALTER TABLE public.django_content_type OWNER TO bitsbot;

--
-- Name: django_content_type_id_seq; Type: SEQUENCE; Schema: public; Owner: bitsbot
--

CREATE SEQUENCE public.django_content_type_id_seq
    AS integer
    START WITH 1
    INCREMENT BY 1
    NO MINVALUE
    NO MAXVALUE
    CACHE 1;


ALTER TABLE public.django_content_type_id_seq OWNER TO bitsbot;

--
-- Name: django_content_type_id_seq; Type: SEQUENCE OWNED BY; Schema: public; Owner: bitsbot
--

ALTER SEQUENCE public.django_content_type_id_seq OWNED BY public.django_content_type.id;


--
-- Name: django_migrations; Type: TABLE; Schema: public; Owner: bitsbot
--

CREATE TABLE public.django_migrations (
    id integer NOT NULL,
    app character varying(255) NOT NULL,
    name character varying(255) NOT NULL,
    applied timestamp with time zone NOT NULL
);


ALTER TABLE public.django_migrations OWNER TO bitsbot;

--
-- Name: django_migrations_id_seq; Type: SEQUENCE; Schema: public; Owner: bitsbot
--

CREATE SEQUENCE public.django_migrations_id_seq
    AS integer
    START WITH 1
    INCREMENT BY 1
    NO MINVALUE
    NO MAXVALUE
    CACHE 1;


ALTER TABLE public.django_migrations_id_seq OWNER TO bitsbot;

--
-- Name: django_migrations_id_seq; Type: SEQUENCE OWNED BY; Schema: public; Owner: bitsbot
--

ALTER SEQUENCE public.django_migrations_id_seq OWNED BY public.django_migrations.id;


--
-- Name: django_session; Type: TABLE; Schema: public; Owner: bitsbot
--

CREATE TABLE public.django_session (
    session_key character varying(40) NOT NULL,
    session_data text NOT NULL,
    expire_date timestamp with time zone NOT NULL
);


ALTER TABLE public.django_session OWNER TO bitsbot;

--
-- Name: auth_group id; Type: DEFAULT; Schema: public; Owner: bitsbot
--

ALTER TABLE ONLY public.auth_group ALTER COLUMN id SET DEFAULT nextval('public.auth_group_id_seq'::regclass);


--
-- Name: auth_group_permissions id; Type: DEFAULT; Schema: public; Owner: bitsbot
--

ALTER TABLE ONLY public.auth_group_permissions ALTER COLUMN id SET DEFAULT nextval('public.auth_group_permissions_id_seq'::regclass);


--
-- Name: auth_permission id; Type: DEFAULT; Schema: public; Owner: bitsbot
--

ALTER TABLE ONLY public.auth_permission ALTER COLUMN id SET DEFAULT nextval('public.auth_permission_id_seq'::regclass);


--
-- Name: auth_user id; Type: DEFAULT; Schema: public; Owner: bitsbot
--

ALTER TABLE ONLY public.auth_user ALTER COLUMN id SET DEFAULT nextval('public.auth_user_id_seq'::regclass);


--
-- Name: auth_user_groups id; Type: DEFAULT; Schema: public; Owner: bitsbot
--

ALTER TABLE ONLY public.auth_user_groups ALTER COLUMN id SET DEFAULT nextval('public.auth_user_groups_id_seq'::regclass);


--
-- Name: auth_user_user_permissions id; Type: DEFAULT; Schema: public; Owner: bitsbot
--

ALTER TABLE ONLY public.auth_user_user_permissions ALTER COLUMN id SET DEFAULT nextval('public.auth_user_user_permissions_id_seq'::regclass);


--
-- Name: bitsbot_bitsbranchcampusmapping id; Type: DEFAULT; Schema: public; Owner: bitsbot
--

ALTER TABLE ONLY public.bitsbot_bitsbranchcampusmapping ALTER COLUMN id SET DEFAULT nextval('public.bitsbot_bitsbranchcaampusmapping_id_seq'::regclass);


--
-- Name: bitsbot_bitscoursefee id; Type: DEFAULT; Schema: public; Owner: bitsbot
--

ALTER TABLE ONLY public.bitsbot_bitscoursefee ALTER COLUMN id SET DEFAULT nextval('public.bitsbot_bitscoursefee_id_seq'::regclass);


--
-- Name: bitsbot_bitscourseinformation id; Type: DEFAULT; Schema: public; Owner: bitsbot
--

ALTER TABLE ONLY public.bitsbot_bitscourseinformation ALTER COLUMN id SET DEFAULT nextval('public.bitsbot_bitscourseinformation_id_seq'::regclass);


--
-- Name: bitsbot_bitsenteranceexamcenters id; Type: DEFAULT; Schema: public; Owner: bitsbot
--

ALTER TABLE ONLY public.bitsbot_bitsenteranceexamcenters ALTER COLUMN id SET DEFAULT nextval('public.bitsbot_bitsenteranceexamcenters_id_seq'::regclass);


--
-- Name: bitsbot_bitsenteranceexaminformation id; Type: DEFAULT; Schema: public; Owner: bitsbot
--

ALTER TABLE ONLY public.bitsbot_bitsenteranceexaminformation ALTER COLUMN id SET DEFAULT nextval('public.bitsbot_bitsenteranceexaminformation_id_seq'::regclass);


--
-- Name: bitsbot_bitsexamfee id; Type: DEFAULT; Schema: public; Owner: bitsbot
--

ALTER TABLE ONLY public.bitsbot_bitsexamfee ALTER COLUMN id SET DEFAULT nextval('public.bitsbot_bitsexamfee_id_seq'::regclass);


--
-- Name: bitsbot_bitsexamsyllabus id; Type: DEFAULT; Schema: public; Owner: bitsbot
--

ALTER TABLE ONLY public.bitsbot_bitsexamsyllabus ALTER COLUMN id SET DEFAULT nextval('public.bitsbot_bitsexamsyllabus_id_seq'::regclass);


--
-- Name: django_admin_log id; Type: DEFAULT; Schema: public; Owner: bitsbot
--

ALTER TABLE ONLY public.django_admin_log ALTER COLUMN id SET DEFAULT nextval('public.django_admin_log_id_seq'::regclass);


--
-- Name: django_content_type id; Type: DEFAULT; Schema: public; Owner: bitsbot
--

ALTER TABLE ONLY public.django_content_type ALTER COLUMN id SET DEFAULT nextval('public.django_content_type_id_seq'::regclass);


--
-- Name: django_migrations id; Type: DEFAULT; Schema: public; Owner: bitsbot
--

ALTER TABLE ONLY public.django_migrations ALTER COLUMN id SET DEFAULT nextval('public.django_migrations_id_seq'::regclass);


--
-- Data for Name: auth_group; Type: TABLE DATA; Schema: public; Owner: bitsbot
--

COPY public.auth_group (id, name) FROM stdin;
\.


--
-- Data for Name: auth_group_permissions; Type: TABLE DATA; Schema: public; Owner: bitsbot
--

COPY public.auth_group_permissions (id, group_id, permission_id) FROM stdin;
\.


--
-- Data for Name: auth_permission; Type: TABLE DATA; Schema: public; Owner: bitsbot
--

COPY public.auth_permission (id, name, content_type_id, codename) FROM stdin;
1	Can add log entry	1	add_logentry
2	Can change log entry	1	change_logentry
3	Can delete log entry	1	delete_logentry
4	Can view log entry	1	view_logentry
5	Can add permission	2	add_permission
6	Can change permission	2	change_permission
7	Can delete permission	2	delete_permission
8	Can view permission	2	view_permission
9	Can add group	3	add_group
10	Can change group	3	change_group
11	Can delete group	3	delete_group
12	Can view group	3	view_group
13	Can add user	4	add_user
14	Can change user	4	change_user
15	Can delete user	4	delete_user
16	Can view user	4	view_user
17	Can add content type	5	add_contenttype
18	Can change content type	5	change_contenttype
19	Can delete content type	5	delete_contenttype
20	Can view content type	5	view_contenttype
21	Can add session	6	add_session
22	Can change session	6	change_session
23	Can delete session	6	delete_session
24	Can view session	6	view_session
25	Can add bits enterance exam centers	7	add_bitsenteranceexamcenters
26	Can change bits enterance exam centers	7	change_bitsenteranceexamcenters
27	Can delete bits enterance exam centers	7	delete_bitsenteranceexamcenters
28	Can view bits enterance exam centers	7	view_bitsenteranceexamcenters
29	Can add bits enterance exam information	8	add_bitsenteranceexaminformation
30	Can change bits enterance exam information	8	change_bitsenteranceexaminformation
31	Can delete bits enterance exam information	8	delete_bitsenteranceexaminformation
32	Can view bits enterance exam information	8	view_bitsenteranceexaminformation
33	Can add bits course fee	9	add_bitscoursefee
34	Can change bits course fee	9	change_bitscoursefee
35	Can delete bits course fee	9	delete_bitscoursefee
36	Can view bits course fee	9	view_bitscoursefee
37	Can add bits course information	10	add_bitscourseinformation
38	Can change bits course information	10	change_bitscourseinformation
39	Can delete bits course information	10	delete_bitscourseinformation
40	Can view bits course information	10	view_bitscourseinformation
41	Can add bits exam fee	11	add_bitsexamfee
42	Can change bits exam fee	11	change_bitsexamfee
43	Can delete bits exam fee	11	delete_bitsexamfee
44	Can view bits exam fee	11	view_bitsexamfee
45	Can add bits exam syllabus	12	add_bitsexamsyllabus
46	Can change bits exam syllabus	12	change_bitsexamsyllabus
47	Can delete bits exam syllabus	12	delete_bitsexamsyllabus
48	Can view bits exam syllabus	12	view_bitsexamsyllabus
49	Can add bits branch caampusmapping	13	add_bitsbranchcaampusmapping
50	Can change bits branch caampusmapping	13	change_bitsbranchcaampusmapping
51	Can delete bits branch caampusmapping	13	delete_bitsbranchcaampusmapping
52	Can view bits branch caampusmapping	13	view_bitsbranchcaampusmapping
53	Can add bits branch campus mapping	13	add_bitsbranchcampusmapping
54	Can change bits branch campus mapping	13	change_bitsbranchcampusmapping
55	Can delete bits branch campus mapping	13	delete_bitsbranchcampusmapping
56	Can view bits branch campus mapping	13	view_bitsbranchcampusmapping
\.


--
-- Data for Name: auth_user; Type: TABLE DATA; Schema: public; Owner: bitsbot
--

COPY public.auth_user (id, password, last_login, is_superuser, username, first_name, last_name, email, is_staff, is_active, date_joined) FROM stdin;
\.


--
-- Data for Name: auth_user_groups; Type: TABLE DATA; Schema: public; Owner: bitsbot
--

COPY public.auth_user_groups (id, user_id, group_id) FROM stdin;
\.


--
-- Data for Name: auth_user_user_permissions; Type: TABLE DATA; Schema: public; Owner: bitsbot
--

COPY public.auth_user_user_permissions (id, user_id, permission_id) FROM stdin;
\.


--
-- Data for Name: bitsbot_bitsbranchcampusmapping; Type: TABLE DATA; Schema: public; Owner: bitsbot
--

COPY public.bitsbot_bitsbranchcampusmapping (id, course, branch, campus) FROM stdin;
1	BE	Computer Engineering	Pilani
2	BE	Computer Engineering	Hyderabad
3	BE	Computer Engineering	Goa
4	ME	Computer Engineering	Goa
5	ME	Computer Engineering	Pilani
6	ME	Computer Engineering	Hyderabad
7	BE	Mechanical Engineering	Pilani
8	BE	Mechanical Engineering	Goa
9	ME	Software Systems	Pilani
10	ME	Chemical Engineering	Pilani
11	BE	Chemical Engineering	Hyderabad
\.


--
-- Data for Name: bitsbot_bitscoursefee; Type: TABLE DATA; Schema: public; Owner: bitsbot
--

COPY public.bitsbot_bitscoursefee (id, course, fee) FROM stdin;
1	BE	Rs 1000 for admission fee, Rs. 10000 - hostel and mess fee, Rs. 100000 for tuition fee
2	ME	Rs 2000 for admission fee, Rs. 20000 - hostel and mess fee, Rs. 200000 for tuition fee
\.


--
-- Data for Name: bitsbot_bitscourseinformation; Type: TABLE DATA; Schema: public; Owner: bitsbot
--

COPY public.bitsbot_bitscourseinformation (id, course, info) FROM stdin;
2	ME	ME Information Placeholder
1	BE	Bachelor in Engineering is a graduate level program done directly after a students 10+2. BITS Pilani offers diffrent streams of enggineering across multiple campuses. Admission is offered through BITSAT Exam
\.


--
-- Data for Name: bitsbot_bitsenteranceexamcenters; Type: TABLE DATA; Schema: public; Owner: bitsbot
--

COPY public.bitsbot_bitsenteranceexamcenters (id, exam_type, state, examcentercity, examcenteraddress) FROM stdin;
1	BITSAT	maharashtra	Mumbai	APTECH COMPUTER EDUCATION, 302/303/304, THIRD FLOOR, PRANAV COMMERCIAL PLAZA, ABOVE SHIV SENA SHAKHA - 104, M G ROAD, MULUND WEST MUMBAI 400080
2	BITSHD	maharashtra	Mumbai	TIRUPATI DARSHAN 1ST FLOOR,OPPOSITE SARSWAT/TJSB BANK,NEXT TO P.P.CHEMBERS BHANUNAGAR,DOMBIVLI EAST
3	BITSHD	maharashtra	Pune	ARCHARI SYSTEM/RACHIT INFOTECH237 MAHATMA GANDHI ROAD,NEAR KOHINOOR RESTAURANT / ICICI BANK,CAMP, PUNE-411001
4	BITSHD	rajasthan	Pilani	PilaniAddr1
5	BITSAT	rajasthan	Jaipur	JaipurAddr1
6	BITSHD	Maharashtra	Mumbai	Thakur College of Science & Commerce, Thakur Shyamnarayan Marg, Thakur Village, Kandivali(E),Mumbai - 400101
\.


--
-- Data for Name: bitsbot_bitsenteranceexaminformation; Type: TABLE DATA; Schema: public; Owner: bitsbot
--

COPY public.bitsbot_bitsenteranceexaminformation (id, exam_type, info) FROM stdin;
1	BITSAT	BITSAT-2020 is a Computer based online test for Admissions to Integrated First Degree Programmes of BITS Pilani Campuses in Pilani, Goa and Hyderabad.
2	BITSHD	Birla Institute of Technical Science (BITS) conducts the BITS HD Admission Test for the interested students aiming to get admission to Higher Degree Program. Students having a minimum of 60% marks in the qualifying degree examination will be eligible for applying for the same. BITS HD Test will be conducted on 6th & 10 th August, 2020.
\.


--
-- Data for Name: bitsbot_bitsexamfee; Type: TABLE DATA; Schema: public; Owner: bitsbot
--

COPY public.bitsbot_bitsexamfee (id, exam_type, fee) FROM stdin;
1	BITSAT	Rs. 2750
2	BITSHD	Rs. 1000 for qualified gate candidates and Rs. 3300 for all other candidates
\.


--
-- Data for Name: bitsbot_bitsexamsyllabus; Type: TABLE DATA; Schema: public; Owner: bitsbot
--

COPY public.bitsbot_bitsexamsyllabus (id, exam_type, branch, syllabus) FROM stdin;
1	BITSAT		Physics, Chemistry, Mathematics, Biology, English Language and Grammar, Logical Reasoning
2	BITSHD	Computer Engineering	Data Structures, Dicrete maths, Theory of Compuataion, Computer organisation and Architecure
3	BITSHD	Mechanical Engineering	Thermodynamics, Mechanics1, mech2, mech3, mech4
\.


--
-- Data for Name: django_admin_log; Type: TABLE DATA; Schema: public; Owner: bitsbot
--

COPY public.django_admin_log (id, action_time, object_id, object_repr, action_flag, change_message, content_type_id, user_id) FROM stdin;
\.


--
-- Data for Name: django_content_type; Type: TABLE DATA; Schema: public; Owner: bitsbot
--

COPY public.django_content_type (id, app_label, model) FROM stdin;
1	admin	logentry
2	auth	permission
3	auth	group
4	auth	user
5	contenttypes	contenttype
6	sessions	session
7	bitsbot	bitsenteranceexamcenters
8	bitsbot	bitsenteranceexaminformation
9	bitsbot	bitscoursefee
10	bitsbot	bitscourseinformation
11	bitsbot	bitsexamfee
12	bitsbot	bitsexamsyllabus
13	bitsbot	bitsbranchcampusmapping
\.


--
-- Data for Name: django_migrations; Type: TABLE DATA; Schema: public; Owner: bitsbot
--

COPY public.django_migrations (id, app, name, applied) FROM stdin;
1	contenttypes	0001_initial	2020-06-01 12:12:02.039661+00
2	auth	0001_initial	2020-06-01 12:12:02.261765+00
3	admin	0001_initial	2020-06-01 12:12:02.618602+00
4	admin	0002_logentry_remove_auto_add	2020-06-01 12:12:02.703793+00
5	admin	0003_logentry_add_action_flag_choices	2020-06-01 12:12:02.803505+00
6	contenttypes	0002_remove_content_type_name	2020-06-01 12:12:02.924289+00
7	auth	0002_alter_permission_name_max_length	2020-06-01 12:12:02.985227+00
8	auth	0003_alter_user_email_max_length	2020-06-01 12:12:03.025715+00
9	auth	0004_alter_user_username_opts	2020-06-01 12:12:03.057646+00
10	auth	0005_alter_user_last_login_null	2020-06-01 12:12:03.106614+00
11	auth	0006_require_contenttypes_0002	2020-06-01 12:12:03.113909+00
12	auth	0007_alter_validators_add_error_messages	2020-06-01 12:12:03.1673+00
13	auth	0008_alter_user_username_max_length	2020-06-01 12:12:03.278406+00
14	auth	0009_alter_user_last_name_max_length	2020-06-01 12:12:03.312319+00
15	auth	0010_alter_group_name_max_length	2020-06-01 12:12:03.348824+00
16	auth	0011_update_proxy_permissions	2020-06-01 12:12:03.390558+00
17	sessions	0001_initial	2020-06-01 12:12:03.41862+00
18	bitsbot	0001_initial	2020-06-02 07:18:52.70555+00
19	bitsbot	0002_bitsenteranceexamcenters_examcenteraddress	2020-06-24 11:08:24.180661+00
20	bitsbot	0003_bitscoursefee_bitscourseinformation_bitsexamfee_bitsexamsyllabus	2020-07-02 10:28:54.173045+00
21	bitsbot	0004_auto_20200702_1103	2020-07-02 11:03:47.601806+00
22	bitsbot	0005_auto_20200702_1117	2020-07-02 11:17:36.082764+00
23	bitsbot	0006_auto_20200702_1118	2020-07-02 11:18:33.694102+00
24	bitsbot	0007_bitsbranchcaampusmapping	2020-07-03 17:42:25.800569+00
25	bitsbot	0008_auto_20200703_1743	2020-07-03 17:43:56.061587+00
\.


--
-- Data for Name: django_session; Type: TABLE DATA; Schema: public; Owner: bitsbot
--

COPY public.django_session (session_key, session_data, expire_date) FROM stdin;
\.


--
-- Name: auth_group_id_seq; Type: SEQUENCE SET; Schema: public; Owner: bitsbot
--

SELECT pg_catalog.setval('public.auth_group_id_seq', 1, false);


--
-- Name: auth_group_permissions_id_seq; Type: SEQUENCE SET; Schema: public; Owner: bitsbot
--

SELECT pg_catalog.setval('public.auth_group_permissions_id_seq', 1, false);


--
-- Name: auth_permission_id_seq; Type: SEQUENCE SET; Schema: public; Owner: bitsbot
--

SELECT pg_catalog.setval('public.auth_permission_id_seq', 56, true);


--
-- Name: auth_user_groups_id_seq; Type: SEQUENCE SET; Schema: public; Owner: bitsbot
--

SELECT pg_catalog.setval('public.auth_user_groups_id_seq', 1, false);


--
-- Name: auth_user_id_seq; Type: SEQUENCE SET; Schema: public; Owner: bitsbot
--

SELECT pg_catalog.setval('public.auth_user_id_seq', 1, false);


--
-- Name: auth_user_user_permissions_id_seq; Type: SEQUENCE SET; Schema: public; Owner: bitsbot
--

SELECT pg_catalog.setval('public.auth_user_user_permissions_id_seq', 1, false);


--
-- Name: bitsbot_bitsbranchcaampusmapping_id_seq; Type: SEQUENCE SET; Schema: public; Owner: bitsbot
--

SELECT pg_catalog.setval('public.bitsbot_bitsbranchcaampusmapping_id_seq', 11, true);


--
-- Name: bitsbot_bitscoursefee_id_seq; Type: SEQUENCE SET; Schema: public; Owner: bitsbot
--

SELECT pg_catalog.setval('public.bitsbot_bitscoursefee_id_seq', 2, true);


--
-- Name: bitsbot_bitscourseinformation_id_seq; Type: SEQUENCE SET; Schema: public; Owner: bitsbot
--

SELECT pg_catalog.setval('public.bitsbot_bitscourseinformation_id_seq', 2, true);


--
-- Name: bitsbot_bitsenteranceexamcenters_id_seq; Type: SEQUENCE SET; Schema: public; Owner: bitsbot
--

SELECT pg_catalog.setval('public.bitsbot_bitsenteranceexamcenters_id_seq', 6, true);


--
-- Name: bitsbot_bitsenteranceexaminformation_id_seq; Type: SEQUENCE SET; Schema: public; Owner: bitsbot
--

SELECT pg_catalog.setval('public.bitsbot_bitsenteranceexaminformation_id_seq', 2, true);


--
-- Name: bitsbot_bitsexamfee_id_seq; Type: SEQUENCE SET; Schema: public; Owner: bitsbot
--

SELECT pg_catalog.setval('public.bitsbot_bitsexamfee_id_seq', 2, true);


--
-- Name: bitsbot_bitsexamsyllabus_id_seq; Type: SEQUENCE SET; Schema: public; Owner: bitsbot
--

SELECT pg_catalog.setval('public.bitsbot_bitsexamsyllabus_id_seq', 3, true);


--
-- Name: django_admin_log_id_seq; Type: SEQUENCE SET; Schema: public; Owner: bitsbot
--

SELECT pg_catalog.setval('public.django_admin_log_id_seq', 1, false);


--
-- Name: django_content_type_id_seq; Type: SEQUENCE SET; Schema: public; Owner: bitsbot
--

SELECT pg_catalog.setval('public.django_content_type_id_seq', 13, true);


--
-- Name: django_migrations_id_seq; Type: SEQUENCE SET; Schema: public; Owner: bitsbot
--

SELECT pg_catalog.setval('public.django_migrations_id_seq', 25, true);


--
-- Name: auth_group auth_group_name_key; Type: CONSTRAINT; Schema: public; Owner: bitsbot
--

ALTER TABLE ONLY public.auth_group
    ADD CONSTRAINT auth_group_name_key UNIQUE (name);


--
-- Name: auth_group_permissions auth_group_permissions_group_id_permission_id_0cd325b0_uniq; Type: CONSTRAINT; Schema: public; Owner: bitsbot
--

ALTER TABLE ONLY public.auth_group_permissions
    ADD CONSTRAINT auth_group_permissions_group_id_permission_id_0cd325b0_uniq UNIQUE (group_id, permission_id);


--
-- Name: auth_group_permissions auth_group_permissions_pkey; Type: CONSTRAINT; Schema: public; Owner: bitsbot
--

ALTER TABLE ONLY public.auth_group_permissions
    ADD CONSTRAINT auth_group_permissions_pkey PRIMARY KEY (id);


--
-- Name: auth_group auth_group_pkey; Type: CONSTRAINT; Schema: public; Owner: bitsbot
--

ALTER TABLE ONLY public.auth_group
    ADD CONSTRAINT auth_group_pkey PRIMARY KEY (id);


--
-- Name: auth_permission auth_permission_content_type_id_codename_01ab375a_uniq; Type: CONSTRAINT; Schema: public; Owner: bitsbot
--

ALTER TABLE ONLY public.auth_permission
    ADD CONSTRAINT auth_permission_content_type_id_codename_01ab375a_uniq UNIQUE (content_type_id, codename);


--
-- Name: auth_permission auth_permission_pkey; Type: CONSTRAINT; Schema: public; Owner: bitsbot
--

ALTER TABLE ONLY public.auth_permission
    ADD CONSTRAINT auth_permission_pkey PRIMARY KEY (id);


--
-- Name: auth_user_groups auth_user_groups_pkey; Type: CONSTRAINT; Schema: public; Owner: bitsbot
--

ALTER TABLE ONLY public.auth_user_groups
    ADD CONSTRAINT auth_user_groups_pkey PRIMARY KEY (id);


--
-- Name: auth_user_groups auth_user_groups_user_id_group_id_94350c0c_uniq; Type: CONSTRAINT; Schema: public; Owner: bitsbot
--

ALTER TABLE ONLY public.auth_user_groups
    ADD CONSTRAINT auth_user_groups_user_id_group_id_94350c0c_uniq UNIQUE (user_id, group_id);


--
-- Name: auth_user auth_user_pkey; Type: CONSTRAINT; Schema: public; Owner: bitsbot
--

ALTER TABLE ONLY public.auth_user
    ADD CONSTRAINT auth_user_pkey PRIMARY KEY (id);


--
-- Name: auth_user_user_permissions auth_user_user_permissions_pkey; Type: CONSTRAINT; Schema: public; Owner: bitsbot
--

ALTER TABLE ONLY public.auth_user_user_permissions
    ADD CONSTRAINT auth_user_user_permissions_pkey PRIMARY KEY (id);


--
-- Name: auth_user_user_permissions auth_user_user_permissions_user_id_permission_id_14a6b632_uniq; Type: CONSTRAINT; Schema: public; Owner: bitsbot
--

ALTER TABLE ONLY public.auth_user_user_permissions
    ADD CONSTRAINT auth_user_user_permissions_user_id_permission_id_14a6b632_uniq UNIQUE (user_id, permission_id);


--
-- Name: auth_user auth_user_username_key; Type: CONSTRAINT; Schema: public; Owner: bitsbot
--

ALTER TABLE ONLY public.auth_user
    ADD CONSTRAINT auth_user_username_key UNIQUE (username);


--
-- Name: bitsbot_bitsbranchcampusmapping bitsbot_bitsbranchcaampusmapping_pkey; Type: CONSTRAINT; Schema: public; Owner: bitsbot
--

ALTER TABLE ONLY public.bitsbot_bitsbranchcampusmapping
    ADD CONSTRAINT bitsbot_bitsbranchcaampusmapping_pkey PRIMARY KEY (id);


--
-- Name: bitsbot_bitscoursefee bitsbot_bitscoursefee_pkey; Type: CONSTRAINT; Schema: public; Owner: bitsbot
--

ALTER TABLE ONLY public.bitsbot_bitscoursefee
    ADD CONSTRAINT bitsbot_bitscoursefee_pkey PRIMARY KEY (id);


--
-- Name: bitsbot_bitscourseinformation bitsbot_bitscourseinformation_pkey; Type: CONSTRAINT; Schema: public; Owner: bitsbot
--

ALTER TABLE ONLY public.bitsbot_bitscourseinformation
    ADD CONSTRAINT bitsbot_bitscourseinformation_pkey PRIMARY KEY (id);


--
-- Name: bitsbot_bitsenteranceexamcenters bitsbot_bitsenteranceexamcenters_pkey; Type: CONSTRAINT; Schema: public; Owner: bitsbot
--

ALTER TABLE ONLY public.bitsbot_bitsenteranceexamcenters
    ADD CONSTRAINT bitsbot_bitsenteranceexamcenters_pkey PRIMARY KEY (id);


--
-- Name: bitsbot_bitsenteranceexaminformation bitsbot_bitsenteranceexaminformation_pkey; Type: CONSTRAINT; Schema: public; Owner: bitsbot
--

ALTER TABLE ONLY public.bitsbot_bitsenteranceexaminformation
    ADD CONSTRAINT bitsbot_bitsenteranceexaminformation_pkey PRIMARY KEY (id);


--
-- Name: bitsbot_bitsexamfee bitsbot_bitsexamfee_pkey; Type: CONSTRAINT; Schema: public; Owner: bitsbot
--

ALTER TABLE ONLY public.bitsbot_bitsexamfee
    ADD CONSTRAINT bitsbot_bitsexamfee_pkey PRIMARY KEY (id);


--
-- Name: bitsbot_bitsexamsyllabus bitsbot_bitsexamsyllabus_pkey; Type: CONSTRAINT; Schema: public; Owner: bitsbot
--

ALTER TABLE ONLY public.bitsbot_bitsexamsyllabus
    ADD CONSTRAINT bitsbot_bitsexamsyllabus_pkey PRIMARY KEY (id);


--
-- Name: django_admin_log django_admin_log_pkey; Type: CONSTRAINT; Schema: public; Owner: bitsbot
--

ALTER TABLE ONLY public.django_admin_log
    ADD CONSTRAINT django_admin_log_pkey PRIMARY KEY (id);


--
-- Name: django_content_type django_content_type_app_label_model_76bd3d3b_uniq; Type: CONSTRAINT; Schema: public; Owner: bitsbot
--

ALTER TABLE ONLY public.django_content_type
    ADD CONSTRAINT django_content_type_app_label_model_76bd3d3b_uniq UNIQUE (app_label, model);


--
-- Name: django_content_type django_content_type_pkey; Type: CONSTRAINT; Schema: public; Owner: bitsbot
--

ALTER TABLE ONLY public.django_content_type
    ADD CONSTRAINT django_content_type_pkey PRIMARY KEY (id);


--
-- Name: django_migrations django_migrations_pkey; Type: CONSTRAINT; Schema: public; Owner: bitsbot
--

ALTER TABLE ONLY public.django_migrations
    ADD CONSTRAINT django_migrations_pkey PRIMARY KEY (id);


--
-- Name: django_session django_session_pkey; Type: CONSTRAINT; Schema: public; Owner: bitsbot
--

ALTER TABLE ONLY public.django_session
    ADD CONSTRAINT django_session_pkey PRIMARY KEY (session_key);


--
-- Name: auth_group_name_a6ea08ec_like; Type: INDEX; Schema: public; Owner: bitsbot
--

CREATE INDEX auth_group_name_a6ea08ec_like ON public.auth_group USING btree (name varchar_pattern_ops);


--
-- Name: auth_group_permissions_group_id_b120cbf9; Type: INDEX; Schema: public; Owner: bitsbot
--

CREATE INDEX auth_group_permissions_group_id_b120cbf9 ON public.auth_group_permissions USING btree (group_id);


--
-- Name: auth_group_permissions_permission_id_84c5c92e; Type: INDEX; Schema: public; Owner: bitsbot
--

CREATE INDEX auth_group_permissions_permission_id_84c5c92e ON public.auth_group_permissions USING btree (permission_id);


--
-- Name: auth_permission_content_type_id_2f476e4b; Type: INDEX; Schema: public; Owner: bitsbot
--

CREATE INDEX auth_permission_content_type_id_2f476e4b ON public.auth_permission USING btree (content_type_id);


--
-- Name: auth_user_groups_group_id_97559544; Type: INDEX; Schema: public; Owner: bitsbot
--

CREATE INDEX auth_user_groups_group_id_97559544 ON public.auth_user_groups USING btree (group_id);


--
-- Name: auth_user_groups_user_id_6a12ed8b; Type: INDEX; Schema: public; Owner: bitsbot
--

CREATE INDEX auth_user_groups_user_id_6a12ed8b ON public.auth_user_groups USING btree (user_id);


--
-- Name: auth_user_user_permissions_permission_id_1fbb5f2c; Type: INDEX; Schema: public; Owner: bitsbot
--

CREATE INDEX auth_user_user_permissions_permission_id_1fbb5f2c ON public.auth_user_user_permissions USING btree (permission_id);


--
-- Name: auth_user_user_permissions_user_id_a95ead1b; Type: INDEX; Schema: public; Owner: bitsbot
--

CREATE INDEX auth_user_user_permissions_user_id_a95ead1b ON public.auth_user_user_permissions USING btree (user_id);


--
-- Name: auth_user_username_6821ab7c_like; Type: INDEX; Schema: public; Owner: bitsbot
--

CREATE INDEX auth_user_username_6821ab7c_like ON public.auth_user USING btree (username varchar_pattern_ops);


--
-- Name: django_admin_log_content_type_id_c4bce8eb; Type: INDEX; Schema: public; Owner: bitsbot
--

CREATE INDEX django_admin_log_content_type_id_c4bce8eb ON public.django_admin_log USING btree (content_type_id);


--
-- Name: django_admin_log_user_id_c564eba6; Type: INDEX; Schema: public; Owner: bitsbot
--

CREATE INDEX django_admin_log_user_id_c564eba6 ON public.django_admin_log USING btree (user_id);


--
-- Name: django_session_expire_date_a5c62663; Type: INDEX; Schema: public; Owner: bitsbot
--

CREATE INDEX django_session_expire_date_a5c62663 ON public.django_session USING btree (expire_date);


--
-- Name: django_session_session_key_c0390e0f_like; Type: INDEX; Schema: public; Owner: bitsbot
--

CREATE INDEX django_session_session_key_c0390e0f_like ON public.django_session USING btree (session_key varchar_pattern_ops);


--
-- Name: auth_group_permissions auth_group_permissio_permission_id_84c5c92e_fk_auth_perm; Type: FK CONSTRAINT; Schema: public; Owner: bitsbot
--

ALTER TABLE ONLY public.auth_group_permissions
    ADD CONSTRAINT auth_group_permissio_permission_id_84c5c92e_fk_auth_perm FOREIGN KEY (permission_id) REFERENCES public.auth_permission(id) DEFERRABLE INITIALLY DEFERRED;


--
-- Name: auth_group_permissions auth_group_permissions_group_id_b120cbf9_fk_auth_group_id; Type: FK CONSTRAINT; Schema: public; Owner: bitsbot
--

ALTER TABLE ONLY public.auth_group_permissions
    ADD CONSTRAINT auth_group_permissions_group_id_b120cbf9_fk_auth_group_id FOREIGN KEY (group_id) REFERENCES public.auth_group(id) DEFERRABLE INITIALLY DEFERRED;


--
-- Name: auth_permission auth_permission_content_type_id_2f476e4b_fk_django_co; Type: FK CONSTRAINT; Schema: public; Owner: bitsbot
--

ALTER TABLE ONLY public.auth_permission
    ADD CONSTRAINT auth_permission_content_type_id_2f476e4b_fk_django_co FOREIGN KEY (content_type_id) REFERENCES public.django_content_type(id) DEFERRABLE INITIALLY DEFERRED;


--
-- Name: auth_user_groups auth_user_groups_group_id_97559544_fk_auth_group_id; Type: FK CONSTRAINT; Schema: public; Owner: bitsbot
--

ALTER TABLE ONLY public.auth_user_groups
    ADD CONSTRAINT auth_user_groups_group_id_97559544_fk_auth_group_id FOREIGN KEY (group_id) REFERENCES public.auth_group(id) DEFERRABLE INITIALLY DEFERRED;


--
-- Name: auth_user_groups auth_user_groups_user_id_6a12ed8b_fk_auth_user_id; Type: FK CONSTRAINT; Schema: public; Owner: bitsbot
--

ALTER TABLE ONLY public.auth_user_groups
    ADD CONSTRAINT auth_user_groups_user_id_6a12ed8b_fk_auth_user_id FOREIGN KEY (user_id) REFERENCES public.auth_user(id) DEFERRABLE INITIALLY DEFERRED;


--
-- Name: auth_user_user_permissions auth_user_user_permi_permission_id_1fbb5f2c_fk_auth_perm; Type: FK CONSTRAINT; Schema: public; Owner: bitsbot
--

ALTER TABLE ONLY public.auth_user_user_permissions
    ADD CONSTRAINT auth_user_user_permi_permission_id_1fbb5f2c_fk_auth_perm FOREIGN KEY (permission_id) REFERENCES public.auth_permission(id) DEFERRABLE INITIALLY DEFERRED;


--
-- Name: auth_user_user_permissions auth_user_user_permissions_user_id_a95ead1b_fk_auth_user_id; Type: FK CONSTRAINT; Schema: public; Owner: bitsbot
--

ALTER TABLE ONLY public.auth_user_user_permissions
    ADD CONSTRAINT auth_user_user_permissions_user_id_a95ead1b_fk_auth_user_id FOREIGN KEY (user_id) REFERENCES public.auth_user(id) DEFERRABLE INITIALLY DEFERRED;


--
-- Name: django_admin_log django_admin_log_content_type_id_c4bce8eb_fk_django_co; Type: FK CONSTRAINT; Schema: public; Owner: bitsbot
--

ALTER TABLE ONLY public.django_admin_log
    ADD CONSTRAINT django_admin_log_content_type_id_c4bce8eb_fk_django_co FOREIGN KEY (content_type_id) REFERENCES public.django_content_type(id) DEFERRABLE INITIALLY DEFERRED;


--
-- Name: django_admin_log django_admin_log_user_id_c564eba6_fk_auth_user_id; Type: FK CONSTRAINT; Schema: public; Owner: bitsbot
--

ALTER TABLE ONLY public.django_admin_log
    ADD CONSTRAINT django_admin_log_user_id_c564eba6_fk_auth_user_id FOREIGN KEY (user_id) REFERENCES public.auth_user(id) DEFERRABLE INITIALLY DEFERRED;


--
-- PostgreSQL database dump complete
--

